Designator,Footprint,Quantity,Value,LCSC Part #
"C1, C15",C1206,2,2.2uF,C170101
"C10, C11",C1206,2,47uF,C403725
C12,C1206,1,100nF, C1945
"C13, C16",C0402,2,100nF,C162178
"C14, C9",C0805,2,100nF,C28233
C17,C0402,1,4.7uF,C6119795
C18,C0402,1,2200pF,C710671
"C19, C20",C0402,2,100pF,C576700
"C2, C21, C22, C26, C27, C6, C7, C8",C0805,8,2.2uF, C22367838
"C23, C24, C25, C3, C4, C5",C0805,6,2.2uF,C22367838
"C28, C29",C0603,2,100nF,C77058
"C30, C31, C33, C34, C35, C36, C37, C38, C39, C40, C41, C45, C49",C0402,13,100nF,C152814
"C32, C42, C48",C0402,3,4.7uF,C5718966
"C43, C44",C0603,2,4.7uF,C5360844
"C46, C47",C0402,2,15pF,C326803
"C50, C51",C0402,2,10uF,C315248
"C52, C53, C54",C0402,3,220nF,C71693
"C55, C94",0402,2,10uF,C315248 
"C56, C57, C59, C63, C64, C65, C66",0402,7,100nF,C1525
"C58, C62",0402,2,1uF,C52923
"C60, C61, C67",0402,3,10nF,C15195
"C68, C71, C75, C80, C81, C82, C83, C84, C86, C89, C91, C95",0402,12,100nF,C1525 
"C69, C76",C0603,2,10nF,C76599
"C70, C74",0402,2,4.7uF,C318563 
C72,0402,1,10nF,C1518210
C73,0402,1,18nF,C106202 
"C77, C78",C0603,2,10nF,C85973
C79,0402,1,22pF,C1864677 
"C85, C88, C90",0402,3,1nF,C77018 
C87,C0603,1,100pF,C14858
"C92, C93",C0402,2,4u7,C326586
"C96, C97",0402,2,4u7,C326586
C98,0402,1,1uF,C1525  
C99,0402,1,100nF,C1525  
CN1,HDMI-SMD_A71-05H4-111N1,1,A71-05H4-111N1,C2682170
"D1, D3",SMA_L4.3-W2.6-LS5.0-RD,2,SS320_C18199172,C18199172
D2,SOD-123_L2.8-W1.8-LS3.7-RD,1,1N4148W T4,C2099
"D4, D5",SOT-23,2,BAV99,C2500
D6,0805,1,Green LED,C84260
D7,SOT-23-3_L2.9-W1.3-P1.90-LS2.4-BR,1,BAV99-7-F,C106919 
F1,0603,1,1A,C207017
"FB1, FB2",L0805,2,1.2Ω,C46435
"FB10, FB11, FB7, FB8, FB9",0603,5,~,C14709 
"FB3, FB4",L0603,2,8.5Ω,C5339211
"FB5, FB6",1206,2,120Ohm 3 A,C98293
H11,HDR-TH_18P-P2.54-V-M-R2-C9-S2.54-1,1,HX PZ2.54-2X9P ZZ,C42372517
H5,SOP-14_L10.2-W5.3-P1.27-LS7.8-BL,1,"TC74VHC08F_EL,K,F_",C6880155
H6,HDR-TH_4P-P2.54-V-M,1,Header-Male-2.54_1x4,C124378
"IC1, IC3",QFN-12_L4.0-W4.0-P0.80-BL-EP1.7,2,MD1213K6-G,C621434
"IC2, IC4",SOIC-8_L4.9-W3.9-P1.27-LS6.0-BL,2,TC6320TG-G,C624992
IC5,TSSOP-28_L9.7-W4.4-P0.65-LS6.4-BL,1,ADC10065CIMT_NOPB,C1542621 
IC6,QSOP-20_L8.7-W3.9-P0.64-LS6.0-BL,1,AD8331ARQZ,C578697 
IC7,MSOP-8_L3.0-W3.0-P0.65-LS4.9-BL,1,MCP4812-E_MS,C219484 
"J1, J2",SMA_Edge_8mm,2,SMA_Edge,RFPC-SMA23-FN-095-A
"J17, J18",PinHeader_1x01_P2.54mm_Vertical,2,Conn_01x01_Pin,C81276 
J3,DSUB-15_Socket_Horizontal_P2.77x2.84mm_EdgePinOffset9.90mm_Housed_MountingHolesOffset11.32mm,1,DE15_Socket_HighDensity_MountingHoles,C3108041
L1,IND-SMD_L8.0-W8.0,1,100uH,C142103
"L2, L5",L0805,2,10uH,C52723027
"L3, L4",IND-SMD_L6.0-W6.0_SWPA6045S,2,1mH,C133757
L6,IND-SMD_L2.0-W1.6_AOTA-B201610S3R3-101-T,1,3.3uH,C42411119
L7,L0805,1,MH2029-601Y,C840592
LED1,LED-SMD_L1.6-W0.8-R-RD,1,KT-0603R,C2286
Q1,SOT-23-3_L2.9-W1.6-P1.90-LS2.8-BR,1,FMMT495TA,C47296
Q2,Texas_DQK,1,CSD19538Q2,C2838636
Q3,SOT-23-3_L2.9-W1.3-P1.90-LS2.4-BR,1,FMMT596TA,C150439
"R1, R13",R0402,2,10k,C25744
R10,R0603,1,5.1k, C23186
R11,R0402,1,4.7k,C25900
"R12, R3",R0603,2,100k,C25803
R14,R0402,1,0Ω,C17168
R17,R0402,1,33Ω,C2906931
"R18, R19, R20, R21, R22, R23, R24, R25, R26",R0402,9,200Ω,C114952
R2,R0402,1,22Ω,C25092
R27,R0402,1,1.8kΩ,C163481
"R28, R36",R0402,2,1kΩ,C2906864
"R29, R30, R31",R0402,3,2.2kΩ,C2906865
R32,R0402,1,3.3kΩ,C2909345
"R33, R34",R0402,2,22Ω,C2929994
R35,R0402,1,0Ω,C2097066
R37,R0402,1,330Ω,C2906929
"R38, R40, R42",R0402,3,510Ω,C276273
"R39, R41, R44",R0402,3,1KΩ,C11702
R4,R0402,1,56k,C114756
"R43, R45, R7",R0402,3,100Ω,C25076
"R47, R48, R49, R50, R51, R58, R59, R62",0402,8,10K,C60490 
R5,R0603,1,330k,C23137
"R52, R53, R54",0402,3,10K,C25744
R56,0402,1,1K,C11702
R57,0402,1,18R,C852582 
R6,R0402,1,1Ω,C412890
"R60, R65",0402,2,100R,C106232 
"R61, R64",R0603,2,1k,C21190
R63,0402,1,280R,C2929998 
R67,0402,1,12K,C2909316 
"R68, R69",R0603,2,18R,C245924
"R70, R71",0402,2,5K1,C105873
R72,0402,1,10R,C138066
"R73, R74",0402,2,10K,C60490  
"R77, R78",0402,2,0Ω,C106231
R8,R0402,1,0.1Ω,C474056
R9,R0402,1,40.2k,C25893
"RF4, RF5",IPEX-SMD_3P-L2.6-W2.6-LS3.0,2,CONUFL001-SMD-T,C22418213
SD1,TF-SMD_HYCW104-TF08-375B,1,TF-027-H300,C5310495
SW1,SW-SMD_L3.9-W3.0-P4.45,1,TS-1088-AR02016,C720477
U1,VSSOP-8_L3.0-W3.0-P0.65-LS4.9-BL,1,LM3488MMX/NOPB,C80782
U10,DSBGA-12_L1.7-W1.3-R3-C4-P0.40-TL,1,LP5562TMX/NOPB,C544465
U12,LED-SMD_4P-L1.6-W1.5-BL_A-SP1943B1GHR6C-C01-2T,1,A-SP1943B1GHR6C-C01-2T,C19171342
U14,SOT-666,1,USBLC6-2P6,C15999
U17,21-0144H_T4877-6_MXM,1,MAX14866UTM+T,C2673849 
"U18, U19, U20, U21, U22, U23, U24, U25, U26, U27, U28, U29, U30, U31, U32, U33",IPEX-SMD_BWIPX-1-001E,16,BWU.FL-IPEX1,C5137195
U2,SOT-23-6_L2.9-W1.6-P0.95-LS2.8-BR,1,MCP4725A1T-E/CH,C61423
U3,QFN-80_L10.0-W10.0-P0.40-TL-EP3.4,1,RP2350B,C42415655
U4,SOIC-8_L5.2-W5.2-P1.27-LS7.9-BL,1,W25Q128JVSIM,C2613930
U5,OSC-SMD_4P-L3.2-W2.5-BL_SIT8008BI,1,12MHz,C20625731
U6,SOT-89-5_L4.5-W2.5-P1.50-LS4.4-BR,1,XC6220B331PR-G,C3013658
"U7, U8",SOT-23-6_L2.9-W1.6-P0.95-LS2.8-BR,2,SN74LVC2G04DBVT,C2860342
U9,SOT-89-3,1,MD0100N8-G,C629131
USB1,USB-C-SMD_TYPEC-324-BCP24,1,TYPEC-503DSL-ACP24,C2835314
