Designator,Mid X,Mid Y,Rotation,Layer
C1,111.8108,-82.296,180.0,top
C10,91.9936,-65.4812,90.0,top
C100,148.463,-105.89,0.0,top
C101,149.0218,-108.811,90.0,top
C102,148.4122,-107.3124,180.0,top
C103,147.828,-108.8872,90.0,top
C104,155.702,-105.7402,180.0,top
C105,155.4734,-104.3686,0.0,top
C107,149.5178,-110.4138,180.0,top
C108,153.289,-94.5642,90.0,top
C109,154.355801,-94.5642,90.0,top
C11,94.4574,-65.4812,90.0,top
C110,142.748,-101.1428,270.0,top
C111,144.0662,-101.2484,90.0,top
C112,155.9052,-98.806,90.0,top
C113,155.956,-96.0882,270.0,top
C114,155.8798,-102.7938,270.0,top
C115,161.157999,-99.6032,90.0,top
C116,162.936,-96.5044,0.0,top
C12,96.9264,-65.4812,90.0,top
C13,96.325201,-76.8566,270.0,top
C14,153.887998,-67.5038,270.0,top
C15,111.6076,-72.2376,180.0,top
C16,95.106001,-76.8566,270.0,top
C17,98.128601,-83.232,270.0,top
C18,101.4204,-79.6544,90.0,top
C19,93.496401,-79.395402,270.0,top
C2,144.362998,-74.3872,270.0,top
C20,95.9358,-87.0712,0.0,top
C21,142.051598,-69.8914,270.0,top
C22,140.014599,-69.8518,270.0,top
C23,138.0406,-69.8966,270.0,top
C24,134.747,-69.8754,270.0,top
C25,131.9276,-69.8754,270.0,top
C26,129.413,-69.8754,270.0,top
C27,146.623598,-71.3646,90.0,top
C28,150.368,-72.8218,180.0,top
C29,150.368,-70.9676,180.0,top
C3,129.9718,-76.2212,270.0,top
C30,121.9708,-109.982,270.0,top
C31,112.903,-102.7938,180.0,top
C32,121.5898,-95.7072,270.0,top
C33,116.1034,-108.2294,225.0,top
C34,114.6556,-101.3968,180.0,top
C35,114.5794,-98.6536,135.0,top
C36,119.3546,-95.123,90.0,top
C37,124.2314,-94.8182,45.0,top
C38,128.143,-108.9406,45.0,top
C39,129.9718,-101.981,0.0,top
C4,132.9218,-76.2212,270.0,top
C40,120.904,-109.982,270.0,top
C41,128.397,-98.6028,45.0,top
C42,128.3208,-107.4166,180.0,top
C43,127.8128,-105.4608,90.0,top
C44,129.413,-105.029,90.0,top
C45,140.4874,-107.5338,270.0,top
C46,112.1428,-100.1268,270.0,top
C47,108.9914,-96.5962,180.0,top
C48,99.0638,-109.01065,0.0,top
C49,99.0638,-107.76585,180.0,top
C5,135.8718,-76.2212,270.0,top
C50,96.6508,-112.76985,0.0,top
C51,96.7406,-105.657851,0.0,top
C52,151.1808,-123.698,0.0,top
C53,147.574,-123.6726,180.0,top
C54,145.6436,-123.6472,0.0,top
C55,88.626197,-118.045599,270.0,top
C56,168.4782,-80.9244,270.0,top
C57,171.5388,-82.1222,90.0,top
C58,180.0938,-77.340201,90.0,top
C59,181.3438,-77.340201,90.0,top
C6,138.068599,-76.2254,270.0,top
C60,184.3438,-79.665201,90.0,top
C61,180.7688,-75.565201,0.0,top
C62,183.8438,-73.040201,0.0,top
C63,183.8438,-71.465201,0.0,top
C64,166.0398,-80.9244,270.0,top
C65,174.573551,-86.189999,0.0,top
C66,167.2844,-80.9244,270.0,top
C67,184.531,-87.6808,0.0,top
C68,179.5378,-107.4239,90.0,top
C69,160.711,-106.529497,180.0,top
C7,142.330998,-76.216,270.0,top
C70,191.6176,-123.7234,90.0,top
C72,183.043,-106.3825,180.0,top
C73,183.043,-105.2395,0.0,top
C76,160.7312,-108.205897,180.0,top
C77,181.5592,-103.2256,90.0,top
C78,179.6288,-103.759,90.0,top
C79,181.3814,-106.8324,270.0,top
C8,140.223798,-76.2312,270.0,top
C84,169.4688,-99.5934,90.0,top
C85,177.681,-99.6261,0.0,top
C86,171.6278,-99.6188,90.0,top
C88,168.275,-102.5652,90.0,top
C89,167.2082,-102.5652,90.0,top
C9,153.8478,-76.1238,270.0,top
C90,177.3428,-110.4952,0.0,top
C91,177.3174,-109.4538,0.0,top
C92,193.1416,-123.6726,0.0,top
C93,197.0786,-123.3678,0.0,top
C94,176.197,-124.5346,90.0,top
C95,177.3146,-124.56,90.0,top
C96,92.3498,-96.7424,270.0,top
C97,94.4326,-96.7424,90.0,top
C98,172.7214,-95.2246,90.0,bottom
C99,171.7054,-96.2406,270.0,bottom
CN1,108.5,-135.0,0.0,top
D1,125.592398,-79.8482,270.0,top
D2,100.4806,-76.4794,0.0,top
D3,115.8494,-74.6252,90.0,top
D4,189.23,-82.115901,90.0,top
D5,189.23,-88.110301,270.0,top
D6,170.86455,-85.316701,270.0,top
D7,194.5132,-101.5036,180.0,top
F1,97.1758,-97.1742,0.0,top
FB1,150.032,-77.1144,0.0,top
FB10,165.1254,-103.0224,180.0,top
FB11,175.2854,-110.2412,90.0,top
FB2,149.798598,-66.4878,0.0,top
FB3,106.1212,-83.947,270.0,top
FB4,104.552999,-83.9576,270.0,top
FB5,171.5388,-78.5722,270.0,top
FB6,178.034151,-86.183199,180.0,top
FB7,162.991699,-104.980097,180.0,top
FB8,190.373,-98.9636,180.0,top
FB9,162.941,-109.704497,180.0,top
H1,195.0,-135.0,0.0,top
H11,174.347601,-135.0284,180.0,top
H2,85.0,-65.0,0.0,top
H3,195.0,-65.0,0.0,top
H4,85.0,-135.0,0.0,top
H5,160.218601,-84.2666,180.0,top
H6,177.2412,-70.3326,0.0,top
IC1,176.2888,-80.1472,90.0,top
IC2,186.9188,-76.165201,180.0,top
IC3,176.42375,-90.698399,0.0,top
IC4,187.6084,-93.019601,180.0,top
IC6,174.3456,-104.069,90.0,top
IC7,179.5872,-122.7379,270.0,top
J1,196.5,-85.0,270.0,top
J17,185.5,-108.0,0.0,bottom
J18,185.5,-85.0,0.0,bottom
J2,196.5,-115.0,270.0,top
J3,141.0716,-128.342469,0.0,top
L1,103.896,-67.281999,90.0,top
L2,139.124798,-79.6196,0.0,top
L3,120.512398,-79.6196,270.0,top
L4,121.426798,-68.9262,180.0,top
L5,139.048598,-66.4878,0.0,top
L6,131.4568,-105.156,90.0,top
L7,99.4584,-111.79885,270.0,top
LED1,94.7674,-114.0968,270.0,top
LED2,196.4436,-129.3622,180.0,top
NT1,168.7576,-87.6808,270.0,top
OSC1,191.4518,-121.095201,180.0,top
Q1,145.582198,-78.0702,180.0,top
Q2,104.8338,-75.804,0.0,top
Q3,145.629398,-67.4682,180.0,top
R1,142.762798,-79.3656,0.0,top
R10,92.048602,-79.065202,90.0,top
R11,95.741001,-75.2818,180.0,top
R12,127.069799,-69.6492,270.0,top
R13,143.876798,-69.3224,270.0,top
R14,107.696,-83.8708,270.0,top
R17,126.8984,-107.823,270.0,top
R18,114.4524,-123.874,270.0,top
R19,113.2586,-123.8758,270.0,top
R2,98.1202,-85.3186,270.0,top
R20,111.9124,-123.8994,270.0,top
R21,110.7694,-123.8994,270.0,top
R22,109.4486,-123.9756,270.0,top
R23,108.3056,-123.9774,270.0,top
R24,107.0102,-124.001,270.0,top
R25,105.8672,-124.0282,270.0,top
R26,104.7242,-124.001,270.0,top
R27,101.193601,-124.0282,90.0,top
R28,107.6688,-111.6584,0.0,top
R29,104.3178,-121.7422,0.0,top
R3,127.954598,-76.581,270.0,top
R30,103.5812,-124.0282,270.0,top
R31,102.4382,-124.0282,270.0,top
R32,116.3574,-96.012,0.0,top
R33,99.3602,-101.2444,180.0,top
R34,99.3602,-100.0952,180.0,top
R35,140.4892,-94.949,270.0,top
R36,106.7834,-98.7844,270.0,top
R37,97.0788,-114.42085,270.0,top
R38,150.7744,-121.7676,270.0,top
R39,149.606,-121.742201,270.0,top
R4,93.064602,-81.173402,0.0,top
R40,148.0058,-121.666,270.0,top
R41,146.7612,-121.666,270.0,top
R42,145.224,-121.748399,270.0,top
R43,119.1768,-113.0046,90.0,top
R44,144.018,-121.7422,270.0,top
R45,121.0056,-113.0808,90.0,top
R47,88.391,-113.485201,270.0,top
R48,90.1954,-115.57,90.0,top
R49,90.2459,-118.9776,270.0,top
R5,139.2936,-81.4578,180.0,top
R50,90.2716,-121.105201,90.0,top
R51,89.7636,-122.7582,180.0,top
R52,166.023601,-85.5316,0.0,top
R53,154.023601,-84.2316,180.0,top
R54,168.7576,-85.7758,270.0,top
R56,170.8404,-88.265,90.0,top
R58,169.4032,-107.1953,90.0,top
R59,168.0062,-107.1445,90.0,top
R6,100.5822,-78.0542,0.0,top
R60,163.271099,-106.529497,180.0,top
R62,169.3164,-102.5398,90.0,top
R63,183.515,-103.5812,90.0,top
R65,163.2204,-108.205897,180.0,top
R67,168.3004,-99.568,90.0,top
R7,103.1748,-79.2226,0.0,top
R70,93.8484,-98.6982,180.0,top
R71,86.4616,-105.791,0.0,top
R72,173.3056,-96.7232,180.0,bottom
R73,177.0126,-98.3996,90.0,bottom
R74,175.0568,-100.0252,180.0,bottom
R77,189.738,-108.1278,0.0,top
R78,187.8584,-84.9884,0.0,top
R79,153.4548,-112.0648,180.0,top
R8,104.902,-79.6544,270.0,top
R80,151.9562,-110.4392,180.0,top
R81,150.483,-112.0902,180.0,top
R82,151.2316,-93.3704,90.0,top
R84,155.1432,-101.0666,0.0,top
R85,157.353,-103.3526,270.0,top
R86,154.3304,-97.4344,270.0,top
R87,157.4546,-95.7834,90.0,top
R88,158.1404,-101.092,0.0,top
R89,158.242,-98.0186,0.0,top
R9,95.9358,-85.852,180.0,top
RF4,189.5,-108.0,270.0,bottom
RF5,189.5,-85.0,270.0,bottom
SD1,83.2686,-118.1614,90.0,top
SW1,109.2218,-109.4016,180.0,top
TP1,107.2152,-103.4326,90.0,top
TP2,107.164401,-105.5408,90.0,top
TP3,182.887,-92.449,0.0,bottom
U1,96.0712,-81.4422,0.0,top
U10,193.7544,-125.2082,0.0,top
U12,196.7892,-125.2,0.0,top
U14,94.839,-100.6803,0.0,top
U17,166.7202,-96.4184,90.0,bottom
U18,180.0,-115.0,270.0,bottom
U19,170.0,-115.0,270.0,bottom
U2,91.6856,-84.201,270.0,top
U20,160.0,-115.0,270.0,bottom
U21,150.0,-115.0,270.0,bottom
U26,150.0,-80.0,90.0,bottom
U27,160.0,-80.0,90.0,bottom
U28,170.0,-80.0,90.0,bottom
U29,180.0,-80.0,90.0,bottom
U3,121.2772,-102.0532,0.0,top
U34,148.3868,-99.8982,0.0,top
U35,163.383,-99.0014,90.0,top
U4,138.6096,-101.1974,90.0,top
U5,109.5266,-99.4448,90.0,top
U6,95.6752,-109.114051,270.0,top
U7,160.147,-92.7946,0.0,top
U8,164.609,-91.44,270.0,top
U9,189.209399,-103.0155,0.0,top
USB1,85.5,-100.0,270.0,top
